{"cameraMode":{"drawMode":0,"name":"Shaded","section":"Shading Mode"},"sceneLighting":true,"audioPlay":false,"sceneViewState":{"m_AlwaysRefresh":false,"showFog":true,"showSkybox":true,"showFlares":true,"showImageEffects":true,"showParticleSystems":true,"showVisualEffectGraphs":true,"m_FxEnabled":true},"in2DMode":false,"pivot":{"x":-0.34557247161865237,"y":-1.6603840589523316,"z":-0.45594024658203127},"rotation":{"x":0.27187806367874148,"y":-0.34377601742744448,"z":0.1044628843665123,"w":0.892830491065979},"size":19.82196617126465,"orthographic":false}